Store,InHome Staffing
54,Less than 4 Associates
100,Has 4 Associates
144,Has 4 Associates
184,Has 4 Associates
194,Has 4 Associates
201,Has 4 Associates
202,Less than 4 Associates
206,Has 4 Associates
217,Less than 4 Associates
220,Less than 4 Associates
234,Has 4 Associates
256,Has 4 Associates
266,Less than 4 Associates
272,Has 4 Associates
284,Has 4 Associates
297,Has 4 Associates
319,Less than 4 Associates
351,Has 4 Associates
359,Has 4 Associates
361,Has 4 Associates
406,Less than 4 Associates
426,Less than 4 Associates
467,Has 4 Associates
471,Has 4 Associates
472,Has 4 Associates
475,Has 4 Associates
500,Has 4 Associates
512,Has 4 Associates
526,Has 4 Associates
528,Has 4 Associates
529,Has 4 Associates
541,Has 4 Associates
546,Has 4 Associates
548,Less than 4 Associates
553,Has 4 Associates
573,Less than 4 Associates
575,Has 4 Associates
576,Has 4 Associates
577,Has 4 Associates
589,Has 4 Associates
590,Has 4 Associates
592,Has 4 Associates
594,Has 4 Associates
602,Has 4 Associates
618,Has 4 Associates
648,Has 4 Associates
659,Has 4 Associates
682,Has 4 Associates
688,Has 4 Associates
695,Has 4 Associates
703,Has 4 Associates
705,Has 4 Associates
710,Has 4 Associates
744,Has 4 Associates
745,Has 4 Associates
752,Less than 4 Associates
768,Has 4 Associates
769,Has 4 Associates
772,Has 4 Associates
787,Has 4 Associates
789,Has 4 Associates
805,Has 4 Associates
807,Has 4 Associates
817,Has 4 Associates
828,Has 4 Associates
839,Has 4 Associates
848,Less than 4 Associates
849,Has 4 Associates
857,Has 4 Associates
872,Has 4 Associates
878,Less than 4 Associates
880,Has 4 Associates
890,Less than 4 Associates
894,Has 4 Associates
896,Less than 4 Associates
905,Has 4 Associates
908,Less than 4 Associates
909,Has 4 Associates
911,Has 4 Associates
915,Has 4 Associates
923,Has 4 Associates
931,Has 4 Associates
935,Has 4 Associates
937,Has 4 Associates
940,Less than 4 Associates
941,Has 4 Associates
942,Has 4 Associates
943,Has 4 Associates
950,Has 4 Associates
953,Has 4 Associates
955,Less than 4 Associates
964,Has 4 Associates
967,Has 4 Associates
972,Has 4 Associates
988,Has 4 Associates
992,Has 4 Associates
994,Has 4 Associates
998,Has 4 Associates
1004,Has 4 Associates
1014,Has 4 Associates
1015,Has 4 Associates
1040,Has 4 Associates
1047,Has 4 Associates
1055,Has 4 Associates
1062,Has 4 Associates
1068,Has 4 Associates
1082,Has 4 Associates
1083,Has 4 Associates
1085,Has 4 Associates
1087,Less than 4 Associates
1090,Less than 4 Associates
1094,Less than 4 Associates
1099,Less than 4 Associates
1102,Has 4 Associates
1103,Has 4 Associates
1117,Has 4 Associates
1118,Has 4 Associates
1120,Has 4 Associates
1129,Less than 4 Associates
1136,Has 4 Associates
1137,Has 4 Associates
1151,Has 4 Associates
1161,Less than 4 Associates
1163,Has 4 Associates
1167,Has 4 Associates
1170,Has 4 Associates
1171,Has 4 Associates
1172,Has 4 Associates
1173,Has 4 Associates
1178,Has 4 Associates
1181,Has 4 Associates
1184,Has 4 Associates
1185,Less than 4 Associates
1200,Has 4 Associates
1206,Has 4 Associates
1213,Has 4 Associates
1216,Less than 4 Associates
1219,Less than 4 Associates
1220,Has 4 Associates
1221,Has 4 Associates
1225,Has 4 Associates
1228,Has 4 Associates
1229,Has 4 Associates
1231,Has 4 Associates
1248,Has 4 Associates
1252,Has 4 Associates
1253,Has 4 Associates
1256,Has 4 Associates
1266,Has 4 Associates
1273,Has 4 Associates
1279,Has 4 Associates
1291,Has 4 Associates
1314,Has 4 Associates
1342,Has 4 Associates
1349,Has 4 Associates
1353,Has 4 Associates
1373,Has 4 Associates
1377,Has 4 Associates
1381,Has 4 Associates
1387,Has 4 Associates
1390,Has 4 Associates
1398,Has 4 Associates
1404,Has 4 Associates
1409,Has 4 Associates
1413,Has 4 Associates
1418,Has 4 Associates
1420,Has 4 Associates
1424,Has 4 Associates
1434,Has 4 Associates
1436,Has 4 Associates
1444,Has 4 Associates
1455,Less than 4 Associates
1458,Has 4 Associates
1459,Has 4 Associates
1469,Less than 4 Associates
1476,Has 4 Associates
1481,Has 4 Associates
1488,Has 4 Associates
1497,Has 4 Associates
1507,Has 4 Associates
1511,Has 4 Associates
1512,Has 4 Associates
1513,Has 4 Associates
1517,Has 4 Associates
1523,Less than 4 Associates
1524,Has 4 Associates
1525,Has 4 Associates
1531,Has 4 Associates
1532,Has 4 Associates
1533,Has 4 Associates
1536,Has 4 Associates
1541,Has 4 Associates
1549,Has 4 Associates
1553,Has 4 Associates
1557,Has 4 Associates
1560,Has 4 Associates
1561,Less than 4 Associates
1563,Has 4 Associates
1578,Has 4 Associates
1584,Has 4 Associates
1586,Has 4 Associates
1589,Has 4 Associates
1590,Has 4 Associates
1596,Less than 4 Associates
1597,Has 4 Associates
1598,Has 4 Associates
1599,Has 4 Associates
1601,Has 4 Associates
1606,Less than 4 Associates
1618,Has 4 Associates
1631,Has 4 Associates
1637,Less than 4 Associates
1646,Has 4 Associates
1660,Has 4 Associates
1668,Has 4 Associates
1671,Has 4 Associates
1681,Has 4 Associates
1682,Less than 4 Associates
1688,Has 4 Associates
1689,Has 4 Associates
1711,Has 4 Associates
1712,Has 4 Associates
1720,Has 4 Associates
1728,Has 4 Associates
1735,Has 4 Associates
1737,Less than 4 Associates
1739,Has 4 Associates
1746,Has 4 Associates
1760,Has 4 Associates
1761,Has 4 Associates
1770,Has 4 Associates
1773,Less than 4 Associates
1800,Less than 4 Associates
1801,Has 4 Associates
1811,Has 4 Associates
1814,Less than 4 Associates
1825,Has 4 Associates
1833,Less than 4 Associates
1837,Has 4 Associates
1841,Less than 4 Associates
1845,Has 4 Associates
1848,Has 4 Associates
1851,Less than 4 Associates
1852,Less than 4 Associates
1881,Has 4 Associates
1883,Has 4 Associates
1885,Has 4 Associates
1892,Has 4 Associates
1896,Has 4 Associates
1897,Has 4 Associates
1898,Has 4 Associates
1904,Has 4 Associates
1916,Has 4 Associates
1938,Has 4 Associates
1941,Has 4 Associates
1960,Less than 4 Associates
1965,Less than 4 Associates
1969,Has 4 Associates
1988,Has 4 Associates
1998,Has 4 Associates
2015,Has 4 Associates
2038,Has 4 Associates
2050,Has 4 Associates
2059,Has 4 Associates
2066,Has 4 Associates
2081,Has 4 Associates
2082,Less than 4 Associates
2086,Has 4 Associates
2091,Has 4 Associates
2105,Has 4 Associates
2110,Has 4 Associates
2112,Has 4 Associates
2119,Less than 4 Associates
2125,Has 4 Associates
2132,Has 4 Associates
2133,Has 4 Associates
2154,Has 4 Associates
2176,Has 4 Associates
2201,Has 4 Associates
2204,Has 4 Associates
2215,Has 4 Associates
2218,Less than 4 Associates
2223,Has 4 Associates
2226,Less than 4 Associates
2233,Has 4 Associates
2242,Has 4 Associates
2251,Has 4 Associates
2257,Has 4 Associates
2281,Has 4 Associates
2292,Has 4 Associates
2295,Less than 4 Associates
2300,Has 4 Associates
2322,Less than 4 Associates
2357,Has 4 Associates
2360,Has 4 Associates
2387,Has 4 Associates
2391,Less than 4 Associates
2392,Has 4 Associates
2406,Less than 4 Associates
2420,Has 4 Associates
2427,Less than 4 Associates
2442,Has 4 Associates
2457,Has 4 Associates
2459,Has 4 Associates
2463,Less than 4 Associates
2464,Has 4 Associates
2475,Has 4 Associates
2482,Less than 4 Associates
2483,Has 4 Associates
2486,Has 4 Associates
2505,Has 4 Associates
2512,Has 4 Associates
2515,Has 4 Associates
2517,Less than 4 Associates
2520,Less than 4 Associates
2529,Has 4 Associates
2544,Less than 4 Associates
2554,Has 4 Associates
2588,Has 4 Associates
2591,Has 4 Associates
2592,Has 4 Associates
2593,Has 4 Associates
2600,Has 4 Associates
2609,Has 4 Associates
2612,Has 4 Associates
2616,Has 4 Associates
2627,Has 4 Associates
2632,Has 4 Associates
2649,Less than 4 Associates
2667,Has 4 Associates
2671,Has 4 Associates
2691,Has 4 Associates
2697,Has 4 Associates
2706,Has 4 Associates
2713,Has 4 Associates
2724,Has 4 Associates
2727,Has 4 Associates
2735,Has 4 Associates
2740,Less than 4 Associates
2752,Has 4 Associates
2756,Has 4 Associates
2757,Has 4 Associates
2766,Has 4 Associates
2767,Has 4 Associates
2768,Has 4 Associates
2777,Has 4 Associates
2786,Has 4 Associates
2788,Has 4 Associates
2789,Has 4 Associates
2796,Has 4 Associates
2808,Less than 4 Associates
2814,Has 4 Associates
2818,Has 4 Associates
2821,Has 4 Associates
2834,Has 4 Associates
2838,Has 4 Associates
2846,Has 4 Associates
2847,Has 4 Associates
2855,Less than 4 Associates
2857,Has 4 Associates
2881,Less than 4 Associates
2883,Less than 4 Associates
2884,Has 4 Associates
2886,Has 4 Associates
2918,Less than 4 Associates
2920,Has 4 Associates
2922,Less than 4 Associates
2926,Less than 4 Associates
2930,Less than 4 Associates
2941,Less than 4 Associates
2946,Has 4 Associates
2948,Has 4 Associates
2950,Has 4 Associates
2951,Has 4 Associates
2955,Has 4 Associates
2956,Less than 4 Associates
2962,Has 4 Associates
2963,Has 4 Associates
2973,Has 4 Associates
2974,Has 4 Associates
2976,Has 4 Associates
2977,Has 4 Associates
2978,Has 4 Associates
2979,Has 4 Associates
2980,Has 4 Associates
2981,Has 4 Associates
2987,Has 4 Associates
2991,Less than 4 Associates
2993,Has 4 Associates
2995,Less than 4 Associates
2996,Has 4 Associates
3004,Has 4 Associates
3011,Has 4 Associates
3014,Less than 4 Associates
3018,Has 4 Associates
3019,Has 4 Associates
3023,Has 4 Associates
3035,Has 4 Associates
3044,Less than 4 Associates
3061,Has 4 Associates
3066,Has 4 Associates
3067,Has 4 Associates
3069,Has 4 Associates
3077,Less than 4 Associates
3081,Has 4 Associates
3083,Has 4 Associates
3101,Has 4 Associates
3104,Has 4 Associates
3118,Has 4 Associates
3123,Less than 4 Associates
3126,Has 4 Associates
3128,Has 4 Associates
3132,Has 4 Associates
3143,Has 4 Associates
3150,Has 4 Associates
3156,Has 4 Associates
3162,Has 4 Associates
3163,Has 4 Associates
3166,Has 4 Associates
3172,Has 4 Associates
3173,Has 4 Associates
3175,Has 4 Associates
3176,Has 4 Associates
3180,Has 4 Associates
3188,Has 4 Associates
3197,Has 4 Associates
3198,Has 4 Associates
3201,Has 4 Associates
3205,Has 4 Associates
3207,Has 4 Associates
3213,Has 4 Associates
3214,Less than 4 Associates
3216,Has 4 Associates
3224,Has 4 Associates
3225,Has 4 Associates
3226,Has 4 Associates
3228,Less than 4 Associates
3235,Less than 4 Associates
3241,Has 4 Associates
3248,Has 4 Associates
3265,Less than 4 Associates
3267,Less than 4 Associates
3273,Less than 4 Associates
3274,Has 4 Associates
3283,Has 4 Associates
3284,Less than 4 Associates
3285,Has 4 Associates
3286,Has 4 Associates
3294,Has 4 Associates
3296,Has 4 Associates
3297,Has 4 Associates
3298,Has 4 Associates
3302,Has 4 Associates
3308,Has 4 Associates
3309,Has 4 Associates
3313,Has 4 Associates
3314,Has 4 Associates
3315,Has 4 Associates
3340,Has 4 Associates
3341,Has 4 Associates
3348,Has 4 Associates
3350,Has 4 Associates
3351,Has 4 Associates
3354,Has 4 Associates
3355,Has 4 Associates
3356,Has 4 Associates
3360,Has 4 Associates
3370,Has 4 Associates
3372,Has 4 Associates
3387,Has 4 Associates
3388,Has 4 Associates
3389,Has 4 Associates
3390,Has 4 Associates
3392,Has 4 Associates
3397,Has 4 Associates
3400,Has 4 Associates
3401,Less than 4 Associates
3402,Has 4 Associates
3403,Has 4 Associates
3414,Has 4 Associates
3415,Has 4 Associates
3418,Has 4 Associates
3419,Has 4 Associates
3425,Has 4 Associates
3432,Has 4 Associates
3433,Has 4 Associates
3435,Has 4 Associates
3452,Less than 4 Associates
3461,Has 4 Associates
3462,Less than 4 Associates
3463,Has 4 Associates
3465,Has 4 Associates
3471,Has 4 Associates
3473,Has 4 Associates
3474,Has 4 Associates
3477,Has 4 Associates
3482,Has 4 Associates
3492,Has 4 Associates
3500,Has 4 Associates
3509,Has 4 Associates
3510,Has 4 Associates
3522,Has 4 Associates
3523,Has 4 Associates
3533,Has 4 Associates
3542,Has 4 Associates
3569,Has 4 Associates
3572,Less than 4 Associates
3573,Has 4 Associates
3582,Has 4 Associates
3584,Has 4 Associates
3587,Has 4 Associates
3588,Has 4 Associates
3594,Has 4 Associates
3599,Has 4 Associates
3609,Less than 4 Associates
3611,Has 4 Associates
3621,Has 4 Associates
3625,Less than 4 Associates
3631,Less than 4 Associates
3639,Has 4 Associates
3640,Has 4 Associates
3652,Has 4 Associates
3655,Has 4 Associates
3659,Has 4 Associates
3661,Has 4 Associates
3703,Has 4 Associates
3709,Has 4 Associates
3712,Has 4 Associates
3717,Has 4 Associates
3725,Has 4 Associates
3728,Has 4 Associates
3741,Less than 4 Associates
3748,Has 4 Associates
3751,Has 4 Associates
3763,Has 4 Associates
3771,Has 4 Associates
3773,Has 4 Associates
3775,Has 4 Associates
3777,Has 4 Associates
3782,Has 4 Associates
3786,Has 4 Associates
3788,Has 4 Associates
3790,Has 4 Associates
3799,Has 4 Associates
3824,Has 4 Associates
3827,Has 4 Associates
3833,Has 4 Associates
3838,Less than 4 Associates
3844,Has 4 Associates
3845,Has 4 Associates
3861,Has 4 Associates
3867,Has 4 Associates
3869,Has 4 Associates
3870,Has 4 Associates
3884,Less than 4 Associates
3891,Has 4 Associates
3893,Has 4 Associates
3896,Less than 4 Associates
3935,Less than 4 Associates
4049,Has 4 Associates
4064,Less than 4 Associates
4108,Less than 4 Associates
4132,Less than 4 Associates
4134,Has 4 Associates
4140,Less than 4 Associates
4141,Has 4 Associates
4142,Has 4 Associates
4163,Less than 4 Associates
4165,Has 4 Associates
4171,Has 4 Associates
4174,Has 4 Associates
4182,Has 4 Associates
4185,Has 4 Associates
4191,Less than 4 Associates
4196,Has 4 Associates
4197,Has 4 Associates
4202,Has 4 Associates
4211,Less than 4 Associates
4219,Less than 4 Associates
4232,Has 4 Associates
4240,Less than 4 Associates
4260,Has 4 Associates
4275,Has 4 Associates
4284,Has 4 Associates
4286,Has 4 Associates
4288,Has 4 Associates
4298,Has 4 Associates
4303,Has 4 Associates
4309,Has 4 Associates
4321,Has 4 Associates
4324,Has 4 Associates
4332,Has 4 Associates
4336,Has 4 Associates
4356,Less than 4 Associates
4358,Has 4 Associates
4380,Less than 4 Associates
4393,Has 4 Associates
4405,Less than 4 Associates
4415,Has 4 Associates
4416,Has 4 Associates
4425,Has 4 Associates
4435,Has 4 Associates
4436,Has 4 Associates
4441,Has 4 Associates
4444,Has 4 Associates
4446,Has 4 Associates
4450,Has 4 Associates
4451,Has 4 Associates
4465,Has 4 Associates
4466,Has 4 Associates
4468,Has 4 Associates
4472,Has 4 Associates
4475,Less than 4 Associates
4482,Has 4 Associates
4497,Has 4 Associates
4498,Has 4 Associates
4503,Less than 4 Associates
4504,Has 4 Associates
4509,Has 4 Associates
4512,Has 4 Associates
4531,Has 4 Associates
4538,Has 4 Associates
4546,Less than 4 Associates
4553,Has 4 Associates
4554,Has 4 Associates
4557,Has 4 Associates
4558,Has 4 Associates
4560,Has 4 Associates
4561,Has 4 Associates
4563,Has 4 Associates
4567,Has 4 Associates
4588,Has 4 Associates
4590,Less than 4 Associates
4600,Has 4 Associates
4611,Has 4 Associates
4617,Less than 4 Associates
4618,Has 4 Associates
4623,Has 4 Associates
4627,Has 4 Associates
4641,Has 4 Associates
4643,Has 4 Associates
4644,Less than 4 Associates
4681,Less than 4 Associates
4683,Has 4 Associates
4690,Has 4 Associates
4692,Has 4 Associates
4734,Has 4 Associates
4747,Has 4 Associates
4759,Has 4 Associates
4762,Has 4 Associates
4826,Has 4 Associates
5005,Less than 4 Associates
5021,Less than 4 Associates
5022,Has 4 Associates
5031,Has 4 Associates
5036,Has 4 Associates
5038,Less than 4 Associates
5043,Has 4 Associates
5045,Has 4 Associates
5049,Has 4 Associates
5054,Has 4 Associates
5056,Has 4 Associates
5057,Has 4 Associates
5058,Less than 4 Associates
5060,Has 4 Associates
5070,Has 4 Associates
5080,Has 4 Associates
5091,Has 4 Associates
5092,Less than 4 Associates
5094,Has 4 Associates
5102,Has 4 Associates
5116,Has 4 Associates
5119,Has 4 Associates
5123,Has 4 Associates
5124,Has 4 Associates
5132,Has 4 Associates
5141,Has 4 Associates
5147,Has 4 Associates
5154,Has 4 Associates
5162,Has 4 Associates
5179,Has 4 Associates
5180,Less than 4 Associates
5186,Has 4 Associates
5189,Has 4 Associates
5190,Has 4 Associates
5192,Has 4 Associates
5199,Has 4 Associates
5207,Less than 4 Associates
5211,Has 4 Associates
5218,Has 4 Associates
5220,Has 4 Associates
5221,Less than 4 Associates
5241,Less than 4 Associates
5252,Less than 4 Associates
5253,Has 4 Associates
5257,Has 4 Associates
5258,Has 4 Associates
5259,Has 4 Associates
5260,Has 4 Associates
5261,Has 4 Associates
5262,Has 4 Associates
5264,Has 4 Associates
5266,Has 4 Associates
5269,Has 4 Associates
5275,Has 4 Associates
5287,Has 4 Associates
5300,Has 4 Associates
5301,Has 4 Associates
5304,Has 4 Associates
5306,Has 4 Associates
5308,Less than 4 Associates
5311,Has 4 Associates
5312,Has 4 Associates
5313,Has 4 Associates
5316,Has 4 Associates
5317,Less than 4 Associates
5325,Has 4 Associates
5330,Has 4 Associates
5331,Has 4 Associates
5332,Has 4 Associates
5343,Has 4 Associates
5349,Has 4 Associates
5352,Has 4 Associates
5353,Has 4 Associates
5361,Less than 4 Associates
5363,Has 4 Associates
5369,Has 4 Associates
5388,Has 4 Associates
5390,Has 4 Associates
5408,Has 4 Associates
5416,Has 4 Associates
5417,Has 4 Associates
5418,Has 4 Associates
5420,Has 4 Associates
5421,Has 4 Associates
5423,Has 4 Associates
5428,Has 4 Associates
5429,Has 4 Associates
5435,Has 4 Associates
5442,Has 4 Associates
5443,Has 4 Associates
5449,Has 4 Associates
5479,Has 4 Associates
5480,Has 4 Associates
5483,Has 4 Associates
5485,Has 4 Associates
5488,Has 4 Associates
5600,Has 4 Associates
5601,Has 4 Associates
5602,Has 4 Associates
5603,Has 4 Associates
5604,Less than 4 Associates
5610,Less than 4 Associates
5611,Has 4 Associates
5612,Has 4 Associates
5613,Less than 4 Associates
5614,Has 4 Associates
5615,Has 4 Associates
5616,Has 4 Associates
5617,Has 4 Associates
5622,Has 4 Associates
5624,Has 4 Associates
5626,Has 4 Associates
5641,Has 4 Associates
5644,Less than 4 Associates
5646,Has 4 Associates
5654,Has 4 Associates
5657,Has 4 Associates
5670,Has 4 Associates
5671,Has 4 Associates
5672,Has 4 Associates
5673,Has 4 Associates
5683,Has 4 Associates
5686,Has 4 Associates
5717,Has 4 Associates
5719,Less than 4 Associates
5725,Has 4 Associates
5727,Less than 4 Associates
5753,Has 4 Associates
5758,Has 4 Associates
5759,Has 4 Associates
5760,Has 4 Associates
5767,Has 4 Associates
5768,Has 4 Associates
5799,Has 4 Associates
5807,Has 4 Associates
5810,Has 4 Associates
5814,Has 4 Associates
5815,Less than 4 Associates
5823,Has 4 Associates
5824,Has 4 Associates
5826,Has 4 Associates
5866,Has 4 Associates
5871,Less than 4 Associates
5876,Has 4 Associates
5880,Less than 4 Associates
5882,Has 4 Associates
5884,Less than 4 Associates
5889,Has 4 Associates
5894,Has 4 Associates
5911,Has 4 Associates
5912,Has 4 Associates
5922,Has 4 Associates
5927,Has 4 Associates
5930,Less than 4 Associates
5932,Has 4 Associates
5945,Less than 4 Associates
5947,Has 4 Associates
5954,Has 4 Associates
5957,Has 4 Associates
5959,Has 4 Associates
5964,Has 4 Associates
5968,Less than 4 Associates
5969,Has 4 Associates
5980,Has 4 Associates
5981,Less than 4 Associates
5982,Has 4 Associates
5988,Has 4 Associates
6170,Has 4 Associates
6172,Less than 4 Associates
6178,Has 4 Associates
6300,Has 4 Associates
6477,Has 4 Associates
6480,Has 4 Associates
6500,Has 4 Associates
6548,Has 4 Associates
6807,Less than 4 Associates
6894,Less than 4 Associates
6931,Has 4 Associates
6964,Less than 4 Associates
6978,Has 4 Associates
7020,Has 4 Associates
7032,Has 4 Associates
7174,Has 4 Associates
7185,Less than 4 Associates
7262,Has 4 Associates
7290,Has 4 Associates
7307,Has 4 Associates
7347,Has 4 Associates
7357,Has 4 Associates
7361,Has 4 Associates
8930,Has 4 Associates
,
,
,
,
,
,
,
,
,
,
,
,
,
,
,
,
,
,
,
,
,
,
,
,
,
,
,
,
,
,
,
,
,
,
,
,
,
,
,
,
,
,
,
,
,
,
,
,
,
,
,
,
,
,
,
,
,
,
,
,
,
,
,
,
,
,
,
,
,
,
,
,
,
,
,
,
,
,
,
,
,
,
,
,
,
,
,
,
,
,
,
,
,
,
,
,
,
,
,
,
,
,
,
,
,
,
,
,
,
,
,
,
,
,
,
,
,
,
,
,
,
,
,
,
,
,
,
,
,
,
,
,
,
,
,
,
,
,
,
,
,
,
,
,
,
,
,
,
,
,
,
,
,
,
,
,
,
,
,
,
,
,
,
,
,
,
,
,
,
,
,
,
,
,
,
,
,
,
,
,
,
,
,
,
,
,
,
,
,
,
,
,
,
,
,
,
,
,
,
,
,
,
,
,
,
,
,
,
,
,
,
,
,
,
,
,
,
,
,
,
,
,
,
,
,
,
,
,
,
,
,
,
,
,
,
,
,
,
,
,
,
,
,
,
,
,
,
,
,
,
,
,
,
,
,
,
,
,
,
,
,
,
,
,
,
,
,
,
,
,
,
,
,
,
,
,
,
,
,
,
,
,
,
,
,
,
,
,
,
,
,
,
,
,
,
,
,
,
,
,
,
,
,
,
,
,
,
,
,
,
,
,
,
,
,
,
,
,
,
,
,
,
,
,
,
,
,
,
,
,
,
,
,
,
,
,
,
,
,
,
,
,
,
,
,
,
,
,
,
,
,
,
,
,
,
,
,
,
,
,
,
,
,
,
,
,
,
,
,
,
,
,
,
,
,
,
,
,
,
,
,
,
,
,
,
,
,
,
,
,
,
,
,
,
,
,
,
,
,
,
,
,
,
,
,
,
,
,
,
,
,
,
,
,
,
,
,
,
,
,
,
,
,
,
,
,
,
,
,
,
,
,
,
,
,
,
,
,
,
,
,
,
,
,
,
,
,
,
,
,
,
,
,
,
,
,
,
,
,
,
,
,
,
,
,
,
,
,
,
,
,
,
,
,
,
,
,
,
,
,
,
,
,
,
,
,
,
,
,
,
,
,
,
,
,
,
,
,
,
,
,
,
,
,
,
,
,
,
,
,
,
,
,
,
,
,
,
,
,
,
,
,
,
,
,
,
,
,
,
,
,
,
,
,
,
,
,
,
,
,
,
,
,
,
,
,
,
,
,
,
,
,
,
,
,
,
,
,
,
,
,
,
,
,
,
,
,
,
,
,
,
,
,
,
,
,
,
,
,
,
,
,
,
,
,
,
,
,
,
,
,
,
,
,
,
,
,
,
,
,
,
,
,
,
,
,
,
,
,
,
,
,
,
,
,
,
,
,
,
,
,
,
,
,
,
,
,
,
,
,
,
,
,
,
,
,
,
,
,
,
,
,
,
,
,
,
,
,
,
,
,
,
,
,
,
,
,
,
,
,
,
,
,
,
,
,
,
,
,
,
,
,
,
,
,
,
,
,
,
,
,
,
,
,
,
,
,
,
,
,
,
,
,
,
,
,
,
,
,
,
,
,
,
,
,
,
,
,
,
,
,
,
,
,
,
,
,
,
,
,
,
,
,
,
,
,
,
,
,
,
,
,
,
,
,
,
,
,
,
,
,
,
,
,
,
,
,
,
,
,
,
,
,
,
,
,
,
,
,
,
,
,
,
,
,
,
,
,
,
,
,
,
,
,
,
,
,
,
,
,
,
,
,
,
,
,
,
,
,
,
,
,
,
,
,
,
,
,
,
,
,
,
,
,
,
,
,
,
,
,
,
,
,
,
,
,
,
,
,
,
,
,
,
,
,
,
,
,
,
,
,
,
,
,
,
,
,
,
,
,
,
,
,
,
,
,
,
,
,
,
,
,
,
,
,
,
,
,
,
,
,
,
,
,
,
,
,
,
,
,
,
,
,
,
,
,
,
,
,
,
,
,
,
,
,
,
,
,
,
,
,
,
,
,
,
,
,
,
,
,
,
,
,
,
,
,
,
,
,
,
,
,
,
,
,
,
,
,
,
,
,
,
,
,
,
,
,
,
,
,
,
,
,
,
,
,
,
,
,
,
,
,
,
,
,
,
,
,
,
,
,
,
,
,
,
,
,
,
,
,
,
,
,
,
,
,
,
,
,
,
,
,
,
,
,
,
,
,
,
,
,
,
,
,
,
,
,
,
,
,
,
,
,
,
,
,
,
,
,
,
,
,
,
,
,
,
,
,
,
,
,
,
,
,
,
,
,
,
,
,
,
,
,
,
,
,
,
,
,
,
,
,
,
,
,
,
,
,
,
,
,
,
,
,
,
,
,
,
,
,
,
,
,
,
,
,
,
,
,
,
,
,
,
,
,
,
,
,
,
,
,
,
,
,
,
,
,
,
,
,
,
,
,
,
,
,
,
,
,
,
,
,
,
,
,
,
,
,
,
,
,
,
,
,
,
,
,
,
,
,
,
,
,
,
,
,
,
,
,
,
,
,
,
,
,
,
,
,
,
,
,
,
,
,
,
,
,
,
,
,
,
,
,
,
,
,
,
,
,
,
,
,
,
,
,
,
,
,
,
,
,
,
,
,
,
,
,
,
,
,
,
,
,
,
,
,
,
,
,
,
,
,
,
,
,
,
,
,
,
,
,
,
,
,
,
,
,
,
,
,
,
,
,
,
,
,
,
,
,
,
,
,
,
,
,
,
,
,
,
,
,
,
,
,
,
,
,
,
,
,
,
,
,
,
,
,
,
,
,
,
,
,
,
,
,
,
,
,
,
,
,
,
,
,
,
,
,
,
,
,
,
,
,
,
,
,
,
,
,
,
,
,
,
,
,
,
,
,
,
,
,
,
,
,
,
,
,
,
,
,
,
,
,
,
,
,
,
,
,
,
,
,
,
,
,
,
,
,
,
,
,
,
,
,
,
,
,
,
,
,
,
,
,
,
,
,
,
,
,
,
,
,
,
,
,
,
,
,
,
,
,
,
,
,
,
,
,
,
,
,
,
,
,
,
,
,
,
,
,
,
,
,
,
,
,
,
,
,
,
,
,
,
,
,
,
,
,
,
,
,
,
,
,
,
,
,
,
,
,
,
,
,
,
,
,
,
,
,
,
,
,
,
,
,
,
,
,
,
,
,
,
,
,
,
,
,
,
,
,
,
,
,
,
,
,
,
,
,
,
,
,
,
,
,
,
,
,
,
,
,
,
,
,
,
,
,
,
,
,
,
,
,
,
,
,
,
,
,
,
,
,
,
,
,
,
,
,
,
,
,
,
,
,
,
,
,
,
,
,
,
,
,
,
,
,
,
,
,
,
,
,
,
,
,
,
,
,
,
,
,
,
,
,
,
,
,
,
,
,
,
,
,
,
,
,
,
,
,
,
,
,
,
,
,
,
,
,
,
,
,
,
,
,
,
,
,
,
,
,
,
,
,
,
,
,
,
,
,
,
,
,
,
,
,
,
,
,
,
,
,
,
,
,
,
,
,
,
,
,
,
,
,
,
,
,
,
,
,
,
,
,
,
,
,
,
,
,
,
,
,
,
,
,
,
,
,
,
,
,
,
,
,
,
,
,
,
,
,
,
,
,
,
,
,
,
,
,
,
,
,
,
,
,
,
,
,
,
,
,
,
,
,
,
,
,
,
,
,
,
,
,
,
,
,
,
,
,
,
,
,
,
,
,
,
,
,
,
,
,
,
,
,
,
,
,
,
,
,
,
,
,
,
,
,
,
,
,
,
,
,
,
,
,
,
,
,
,
,
,
,
,
,
,
,
,
,
,
,
,
,
,
,
,
,
,
,
,
,
,
,
,
,
,
,
,
,
,
,
,
,
,
,
,
,
,
,
,
,
,
,
,
,
,
,
,
,
,
,
,
,
,
,
,
,
,
,
,
,
,
,
,
,
,
,
,
,
,
,
,
,
,
,
,
,
,
,
,
,
,
,
,
,
,
,
,
,
,
,
,
,
,
,
,
,
,
,
,
,
,
,
,
,
,
,
,
,
,
,
,
,
,
,
,
,
,
,
,
,
,
,
,
,
,
,
,
,
,
,
,
,
,
,
,
,
,
,
,
,
,
,
,
,
,
,
,
,
,
,
,
,
,
,
,
,
,
,
,
,
,
,
,
,
,
,
,
,
,
,
,
,
,
,
,
,
,
,
,
,
,
,
,
,
,
,
,
,
,
,
,
,
,
,
,
,
,
,
,
,
,
,
,
,
,
,
,
,
,
,
,
,
,
,
,
,
,
,
,
,
,
,
,
,
,
,
,
,
,
,
,
,
,
,
,
,
,
,
,
,
,
,
,
,
,
,
,
,
,
,
,
,
,
,
,
,
,
,
,
,
,
,
,
,
,
,
,
,
,
,
,
,
,
,
,
,
,
,
,
,
,
,
,
,
,
,
,
,
,
,
,
,
,
,
,
,
,
,
,
,
,
,
,
,
,
,
,
,
,
,
,
,
,
,
,
,
,
,
,
,
,
,
,
,
,
,
,
,
,
,
,
,
,
,
,
,
,
,
,
,
,
,
,
,
,
,
,
,
,
,
,
,
,
,
,
,
,
,
,
,
,
,
,
,
,
,
,
,
,
,
,
,
,
,
,
,
,
,
,
,
,
,
,
,
,
,
,
,
,
,
,
,
,
,
,
,
,
,
,
,
,
,
,
,
,
,
,
,
,
,
,
,
,
,
,
,
,
,
,
,
,
,
,
,
,
,
,
,
,
,
,
,
,
,
,
,
,
,
,
,
,
,
,
,
,
,
,
,
,
,
,
,
,
,
,
,
,
,
,
,
,
,
,
,
,
,
,
,
,
,
,
,
,
,
,
,
,
,
,
,
,
,
,
,
,
,
,
,
,
,
,
,
,
,
,
,
,
,
,
,
,
,
,
,
,
,
,
,
,
,
,
,
,
,
,
,
,
,
,
,
,
,
,
,
,
,
,
,
,
,
,
,
,
,
,
,
,
,
,
,
,
,
,
,
,
,
,
,
,
,
,
,
,
,
,
,
,
,
,
,
,
,
,
,
,
,
,
,
,
,
,
,
,
,
,
,
,
,
,
,
,
,
,
,
,
,
,
,
,
,
,
,
,
,
,
,
,
,
,
,
,
,
,
,
,
,
,
,
,
,
,
,
,
,
,
,
,
,
,
,
,
,
,
,
,
,
,
,
,
,
,
,
,
,
,
,
,
,
,
,
,
,
,
,
,
,
,
,
,
,
,
,
,
,
,
,
,
,
,
,
,
,
,
,
,
,
,
,
,
,
,
,
,
,
,
,
,
,
,
,
,
,
,
,
,
,
,
,
,
,
,
,
,
,
,
,
,
,
,
,
,
,
,
,
,
,
,
,
,
,
,
,
,
,
,
,
,
,
,
,
,
,
,
,
,
,
,
,
,
,
,
,
,
,
,
,
,
,
,
,
,
,
,
,
,
,
,
,
,
,
,
,
,
,
,
,
,
,
,
,
,
,
,
,
,
,
,
,
,
,
,
,
,
,
,
,
,
,
,
,
,
,
,
,
,
,
,
,
,
,
,
,
,
,
,
,
,
,
,
,
,
,
,
,
,
,
,
,
,
,
,
,
,
,
,
,
,
,
,
,
,
,
,
,
,
,
,
,
,
,
,
,
,
,
,
,
,
,
,
,
,
,
,
,
,
,
,
,
,
,
,
,
,
,
,
,
,
,
,
,
,
,
,
,
,
,
,
,
,
,
,
,
,
,
,
,
,
,
,
,
,
,
,
,
,
,
,
,
,
,
,
,
,
,
,
,
,
,
,
,
,
,
,
,
,
,
,
,
,
,
,
,
,
,
,
,
,
,
,
,
,
,
,
,
,
,
,
,
,
,
,
,
,
,
,
,
,
,
,
,
,
,
,
,
,
,
,
,
,
,
,
,
,
,
,
,
,
,
,
,
,
,
,
,
,
,
,
,
,
,
,
,
,
,
,
,
,
,
,
,
,
,
,
,
,
,
,
,
,
,
,
,
,
,
,
,
,
,
,
,
,
,
,
,
,
,
,
,
,
,
,
,
,
,
,
,
,
,
,
,
,
,
,
,
,
,
,
,
,
,
,
,
,
,
,
,
,
,
,
,
,
,
,
,
,
,
,
,
,
,
,
,
,
,
,
,
,
,
,
,
,
,
,
,
,
,
,
,
,
,
,
,
,
,
,
,
,
,
,
,
,
,
,
,
,
,
,
,
,
,
,
,
,
,
,
,
,
,
,
,
,
,
,
,
,
,
,
,
,
,
,
,
,
,
,
,
,
,
,
,
,
,
,
,
,
,
,
,
,
,
,
,
,
,
,
,
,
,
,
,
,
,
,
,
,
,
,
,
,
,
,
,
,
,
,
,
,
,
,
,
,
,
,
,
,
,
,
,
,
,
,
,
,
,
,
,
,
,
,
,
,
,
,
,
,
,
,
,
,
,
,
,
,
,
,
,
,
,
,
,
,
,
,
,
,
,
,
,
,
,
,
,
,
,
,
,
,
,
,
,
,
,
,
,
,
,
,
,
,
,
,
,
,
,
,
,
,
,
,
,
,
,
,
,
,
,
,
,
,
,
,
,
,
,
,
,
,
,
,
,
,
,
,
,
,
,
,
,
,
,
,
,
,
,
,
,
,
,
,
,
,
,
,
,
,
,
,
,
,
,
,
,
,
,
,
,
,
,
,
,
,
,
,
,
,
,
,
,
,
,
,
,
,
,
,
,
,
,
,
,
,
,
,
,
,
,
,
,
,
,
,
,
,
,
,
,
,
,
,
,
,
,
,
,
,
,
,
,
,
,
,
,
,
,
,
,
,
,
,
,
,
,
,
,
,
,
,
,
,
,
,
,
,
,
,
,
,
,
,
,
,
,
,
,
,
,
,
,
,
,
,
,
,
,
,
,
,
,
,
,
,
,
,
,
,
,
,
,
,
,
,
,
,
,
,
,
,
,
,
,
,
,
,
,
,
,
,
,
,
,
,
,
,
,
,
,
,
,
,
,
,
,
,
,
,
,
,
,
,
,
,
,
,
,
,
,
,
,
,
,
,
,
,
,
,
,
,
,
,
,
,
,
,
,
,
,
,
,
,
,
,
,
,
,
,
,
,
,
,
,
,
,
,
,
,
,
,
,
,
,
,
,
,
,
,
,
,
,
,
,
,
,
,
,
,
,
,
,
,
,
,
,
,
,
,
,
,
,
,
,
,
,
,
,
,
,
,
,
,
,
,
,
,
,
,
,
,
,
,
,
,
,
,
,
,
,
,
,
,
,
,
,
,
,
,
,
,
,
,
,
,
,
,
,
,
,
,
,
,
,
,
,
,
,
,
,
,
,
,
,
,
,
,
,
,
,
,
,
,
,
,
,
,
,
,
,
,
,
,
,
,
,
,
,
,
,
,
,
,
,
,
,
,
,
,
,
,
,
,
,
,
,
,
,
,
,
,
,
,
,
,
,
,
,
,
,
,
,
,
,
,
,
,
,
,
,
,
,
,
,
,
,
,
,
,
,
,
,
,
,
,
,
,
,
,
,
,
,
,
,
,
,
,
,
,
,
,
,
,
,
,
,
,
,
,
,
,
,
,
,
,
,
,
,
,
,
,
,
,
,
,
,
,
,
,
,
,
,
,
,
,
,
,
,
,
,
,
,
,
,
,
,
,
,
,
,
,
,
,
,
,
,
,
,
,
,
,
,
,
,
,
,
,
,
,
,
,
,
,
,
,
,
,
,
,
,
,
,
,
,
,
,
,
,
,
,
,
,
,
,
,
,
,
,
,
,
,
,
,
,
,
,
,
,
,
,
,
,
,
,
,
,
,
,
,
,
,
,
,
,
,
,
,
,
,
,
,
,
,
,
,
,
,
,
,
,
,
,
,
,
,
,
,
,
,
,
,
,
,
,
,
,
,
,
,
,
,
,
,
,
,
,
,
,
,
,
,
,
,
,
,
,
,
,
,
,
,
,
,
,
,
,
,
,
,
,
,
,
,
,
,
,
,
,
,
,
,
,
,
,
,
,
,
,
,
,
,
,
,
,
,
,
,
,
,
,
,
,
,
,
,
,
,
,
,
,
,
,
,
,
,
,
,
,
,
,
,
,
,
,
,
,
,
,
,
,
,
,
,
,
,
,
,
,
,
,
,
,
,
,
,
,
,
,
,
,
,
,
,
,
,
,
,
,
,
,
,
,
,
,
,
,
,
,
,
,
,
,
,
,
,
,
,
,
,
,
,
,
,
,
,
,
,
,
,
,
,
,
,
,
,
,
,
,
,
,
,
,
,
,
,
,
,
,
,
,
,
,
,
,
,
,
,
,
,
,
,
,
,
,
,
,
,
,
,
,
,
,
,
,
,
,
,
,
,
,
,
,
,
,
,
,
,
,
,
,
,
,
,
,
,
,
,
,
,
,
,
,
,
,
,
,
,
,
,
,
,
,
,
