6626,Back to Class
4109,Back to Class
4702,Back to Class
4709,Back to Class
4710,Back to Class
4711,Back to Class
4712,Back to Class
4713,Back to Class
4720,Back to Class
4721,Back to Class
4722,Back to Class
4729,Back to Class
4731,Back to Class
4732,Back to Class
4735,Back to Class
4736,Back to Class
4738,Back to Class
4739,Back to Class
4740,Back to Class
4741,Back to Class
4742,Back to Class
4743,Back to Class
4745,Back to Class
4750,Back to Class
4755,Back to Class
4763,Back to Class
4764,Back to Class
4767,Back to Class
4770,Back to Class
4771,Back to Class
4772,Back to Class
4774,Back to Class
4777,Back to Class
4778,Back to Class
4782,Back to Class
4783,Back to Class
4786,Back to Class
4787,Back to Class
4791,Back to Class
4794,Back to Class
4795,Back to Class
4797,Back to Class
4798,Back to Class
4799,Back to Class
4801,Back to Class
4802,Back to Class
4805,Back to Class
4815,Back to Class
4816,Back to Class
4818,Back to Class
4819,Back to Class
4822,Back to Class
4824,Back to Class
4828,Back to Class
4830,Back to Class
4840,Back to Class
4843,Back to Class
4847,Back to Class
4850,Back to Class
4851,Back to Class
4852,Back to Class
4853,Back to Class
4855,Back to Class
4857,Back to Class
4859,Back to Class
4861,Back to Class
4866,Back to Class
4872,Back to Class
4874,Back to Class
4875,Back to Class
4876,Back to Class
4878,Back to Class
4905,Back to Class
4906,Back to Class
4908,Back to Class
4911,Back to Class
4914,Back to Class
4915,Back to Class
4917,Back to Class
4933,Back to Class
4939,Back to Class
4942,Back to Class
4946,Back to Class
4948,Back to Class
4950,Back to Class
4952,Back to Class
4955,Back to Class
4961,Back to Class
4972,Back to Class
4974,Back to Class
4982,Back to Class
4983,Back to Class
4987,Back to Class
4991,Back to Class
4992,Back to Class
4996,Back to Class
4998,Back to Class
4999,Back to Class
6188,Back to Class
6189,Back to Class
6201,Back to Class
6202,Back to Class
6205,Back to Class
6212,Back to Class
6213,Back to Class
6217,Back to Class
6218,Back to Class
6219,Back to Class
6220,Back to Class
6225,Back to Class
6228,Back to Class
6235,Back to Class
6238,Back to Class
6239,Back to Class
6240,Back to Class
6244,Back to Class
6245,Back to Class
6246,Back to Class
6249,Back to Class
6251,Back to Class
6252,Back to Class
6254,Back to Class
6255,Back to Class
6256,Back to Class
6257,Back to Class
6259,Back to Class
6261,Back to Class
6265,Back to Class
6269,Back to Class
6270,Back to Class
6304,Back to Class
6309,Back to Class
6310,Back to Class
6311,Back to Class
6312,Back to Class
6313,Back to Class
6319,Back to Class
6320,Back to Class
6321,Back to Class
6324,Back to Class
6325,Back to Class
6330,Back to Class
6331,Back to Class
6332,Back to Class
6334,Back to Class
6335,Back to Class
6336,Back to Class
6339,Back to Class
6341,Back to Class
6342,Back to Class
6343,Back to Class
6345,Back to Class
6347,Back to Class
6348,Back to Class
6350,Back to Class
6352,Back to Class
6354,Back to Class
6355,Back to Class
6356,Back to Class
6357,Back to Class
6358,Back to Class
6359,Back to Class
6360,Back to Class
6361,Back to Class
6363,Back to Class
6364,Back to Class
6366,Back to Class
6367,Back to Class
6369,Back to Class
6371,Back to Class
6372,Back to Class
6376,Back to Class
6378,Back to Class
6379,Back to Class
6381,Back to Class
6382,Back to Class
6383,Back to Class
6385,Back to Class
6386,Back to Class
6387,Back to Class
6388,Back to Class
6401,Back to Class
6404,Back to Class
6405,Back to Class
6408,Back to Class
6409,Back to Class
6410,Back to Class
6414,Back to Class
6417,Back to Class
6419,Back to Class
6420,Back to Class
6421,Back to Class
6422,Back to Class
6423,Back to Class
6424,Back to Class
6426,Back to Class
6427,Back to Class
6428,Back to Class
6429,Back to Class
6431,Back to Class
6432,Back to Class
6433,Back to Class
6434,Back to Class
6436,Back to Class
6440,Back to Class
6441,Back to Class
6443,Back to Class
6444,Back to Class
6445,Back to Class
6448,Back to Class
6449,Back to Class
6452,Back to Class
6453,Back to Class
6454,Back to Class
6455,Back to Class
6456,Back to Class
6458,Back to Class
6462,Back to Class
6464,Back to Class
6471,Back to Class
6472,Back to Class
6474,Back to Class
6479,Back to Class
6482,Back to Class
6487,Back to Class
6502,Back to Class
6503,Back to Class
6510,Back to Class
6512,Back to Class
6514,Back to Class
6518,Back to Class
6520,Back to Class
6521,Back to Class
6527,Back to Class
6535,Back to Class
6536,Back to Class
6539,Back to Class
6540,Back to Class
6543,Back to Class
6549,Back to Class
6562,Back to Class
6565,Back to Class
6567,Back to Class
6569,Back to Class
6570,Back to Class
6571,Back to Class
6573,Back to Class
6575,Back to Class
6581,Back to Class
6582,Back to Class
6605,Back to Class
6606,Back to Class
6608,Back to Class
6609,Back to Class
6610,Back to Class
6612,Back to Class
6613,Back to Class
6614,Back to Class
6615,Back to Class
6616,Back to Class
6619,Back to Class
6620,Back to Class
6621,Back to Class
6622,Back to Class
6628,Back to Class
6630,Back to Class
6631,Back to Class
6632,Back to Class
6633,Back to Class
6634,Back to Class
6635,Back to Class
6636,Back to Class
6637,Back to Class
6643,Back to Class
6646,Back to Class
6650,Back to Class
6651,Back to Class
6652,Back to Class
6653,Back to Class
6655,Back to Class
6657,Back to Class
6659,Back to Class
6660,Back to Class
6661,Back to Class
6662,Back to Class
6663,Back to Class
6664,Back to Class
6670,Back to Class
6671,Back to Class
6672,Back to Class
6674,Back to Class
6676,Back to Class
6677,Back to Class
6678,Back to Class
6679,Back to Class
6680,Back to Class
6682,Back to Class
6684,Back to Class
6689,Back to Class
6690,Back to Class
6781,Back to Class
6867,Back to Class
6976,Back to Class
7189,Back to Class
7658,Back to Class
7676,Back to Class
8114,Back to Class
8116,Back to Class
8117,Back to Class
8123,Back to Class
8125,Back to Class
8126,Back to Class
8128,Back to Class
8129,Back to Class
8130,Back to Class
8132,Back to Class
8133,Back to Class
8135,Back to Class
8141,Back to Class
8142,Back to Class
8144,Back to Class
8145,Back to Class
8147,Back to Class
8150,Back to Class
8153,Back to Class
8156,Back to Class
8157,Back to Class
8160,Back to Class
8161,Back to Class
8164,Back to Class
8165,Back to Class
8166,Back to Class
8167,Back to Class
8172,Back to Class
8173,Back to Class
8177,Back to Class
8182,Back to Class
8183,Back to Class
8184,Back to Class
8185,Back to Class
8186,Back to Class
8190,Back to Class
8193,Back to Class
8201,Back to Class
8202,Back to Class
8203,Back to Class
8205,Back to Class
8210,Back to Class
8211,Back to Class
8219,Back to Class
8221,Back to Class
8223,Back to Class
8224,Back to Class
8226,Back to Class
8236,Back to Class
8237,Back to Class
8239,Back to Class
8242,Back to Class
8244,Back to Class
8245,Back to Class
8246,Back to Class
8248,Back to Class
8250,Back to Class
8251,Back to Class
8252,Back to Class
8253,Back to Class
8254,Back to Class
8261,Back to Class
8262,Back to Class
8263,Back to Class
8264,Back to Class
8268,Back to Class
8269,Back to Class
8271,Back to Class
8272,Back to Class
8273,Back to Class
8274,Back to Class
8275,Back to Class
8277,Back to Class
8279,Back to Class
8281,Back to Class
8282,Back to Class
8283,Back to Class
8284,Back to Class
8285,Back to Class
8286,Back to Class
8287,Back to Class
8288,Back to Class
8289,Back to Class
8290,Back to Class
8291,Back to Class
8292,Back to Class
8295,Back to Class
8297,Back to Class
8299,Back to Class
4703,Tailgaiting
4704,Tailgaiting
4707,Tailgaiting
4718,Tailgaiting
4724,Tailgaiting
4728,Tailgaiting
4730,Tailgaiting
4749,Tailgaiting
4761,Tailgaiting
4768,Tailgaiting
4769,Tailgaiting
4775,Tailgaiting
4776,Tailgaiting
4780,Tailgaiting
4781,Tailgaiting
4784,Tailgaiting
4785,Tailgaiting
4789,Tailgaiting
4790,Tailgaiting
4804,Tailgaiting
4808,Tailgaiting
4817,Tailgaiting
4820,Tailgaiting
4825,Tailgaiting
4829,Tailgaiting
4831,Tailgaiting
4836,Tailgaiting
4837,Tailgaiting
4839,Tailgaiting
4846,Tailgaiting
4860,Tailgaiting
4870,Tailgaiting
4871,Tailgaiting
4873,Tailgaiting
4879,Tailgaiting
4901,Tailgaiting
4920,Tailgaiting
4926,Tailgaiting
4930,Tailgaiting
4936,Tailgaiting
4938,Tailgaiting
4944,Tailgaiting
4947,Tailgaiting
4958,Tailgaiting
4962,Tailgaiting
4963,Tailgaiting
4969,Tailgaiting
4973,Tailgaiting
4985,Tailgaiting
4989,Tailgaiting
4990,Tailgaiting
4994,Tailgaiting
6181,Tailgaiting
6203,Tailgaiting
6204,Tailgaiting
6216,Tailgaiting
6236,Tailgaiting
6242,Tailgaiting
6247,Tailgaiting
6260,Tailgaiting
6262,Tailgaiting
6267,Tailgaiting
6275,Tailgaiting
6302,Tailgaiting
6305,Tailgaiting
6307,Tailgaiting
6308,Tailgaiting
6314,Tailgaiting
6315,Tailgaiting
6317,Tailgaiting
6322,Tailgaiting
6326,Tailgaiting
6327,Tailgaiting
6328,Tailgaiting
6329,Tailgaiting
6333,Tailgaiting
6338,Tailgaiting
6344,Tailgaiting
6349,Tailgaiting
6351,Tailgaiting
6353,Tailgaiting
6365,Tailgaiting
6368,Tailgaiting
6373,Tailgaiting
6375,Tailgaiting
6377,Tailgaiting
6380,Tailgaiting
6384,Tailgaiting
6402,Tailgaiting
6403,Tailgaiting
6406,Tailgaiting
6407,Tailgaiting
6412,Tailgaiting
6413,Tailgaiting
6415,Tailgaiting
6418,Tailgaiting
6425,Tailgaiting
6430,Tailgaiting
6435,Tailgaiting
6437,Tailgaiting
6439,Tailgaiting
6450,Tailgaiting
6457,Tailgaiting
6460,Tailgaiting
6461,Tailgaiting
6463,Tailgaiting
6485,Tailgaiting
6489,Tailgaiting
6501,Tailgaiting
6505,Tailgaiting
6506,Tailgaiting
6507,Tailgaiting
6509,Tailgaiting
6517,Tailgaiting
6524,Tailgaiting
6528,Tailgaiting
6533,Tailgaiting
6547,Tailgaiting
6556,Tailgaiting
6568,Tailgaiting
6572,Tailgaiting
6604,Tailgaiting
6624,Tailgaiting
6644,Tailgaiting
6658,Tailgaiting
6666,Tailgaiting
6667,Tailgaiting
6673,Tailgaiting
6675,Tailgaiting
6683,Tailgaiting
6685,Tailgaiting
6686,Tailgaiting
6692,Tailgaiting
6693,Tailgaiting
6779,Tailgaiting
6979,Tailgaiting
8102,Tailgaiting
8104,Tailgaiting
8106,Tailgaiting
8107,Tailgaiting
8111,Tailgaiting
8112,Tailgaiting
8115,Tailgaiting
8119,Tailgaiting
8120,Tailgaiting
8134,Tailgaiting
8136,Tailgaiting
8138,Tailgaiting
8139,Tailgaiting
8146,Tailgaiting
8149,Tailgaiting
8151,Tailgaiting
8152,Tailgaiting
8155,Tailgaiting
8158,Tailgaiting
8162,Tailgaiting
8163,Tailgaiting
8168,Tailgaiting
8169,Tailgaiting
8174,Tailgaiting
8175,Tailgaiting
8176,Tailgaiting
8180,Tailgaiting
8181,Tailgaiting
8188,Tailgaiting
8189,Tailgaiting
8191,Tailgaiting
8192,Tailgaiting
8194,Tailgaiting
8196,Tailgaiting
8197,Tailgaiting
8207,Tailgaiting
8208,Tailgaiting
8209,Tailgaiting
8213,Tailgaiting
8215,Tailgaiting
8218,Tailgaiting
8220,Tailgaiting
8222,Tailgaiting
8225,Tailgaiting
8227,Tailgaiting
8228,Tailgaiting
8238,Tailgaiting
8241,Tailgaiting
8243,Tailgaiting
8247,Tailgaiting
8256,Tailgaiting
8257,Tailgaiting
8259,Tailgaiting
8265,Tailgaiting
8266,Tailgaiting
8267,Tailgaiting
8270,Tailgaiting
8276,Tailgaiting
8278,Tailgaiting
8280,Tailgaiting
8293,Tailgaiting
8294,Tailgaiting
8296,Tailgaiting
8298,Tailgaiting
