Store,Floorplan Link
175,<a href='https://one.walmart.com/content/dam/walmart-us-store-communication/ogp/sfs_backroom_layouts/SFS_175_store_map.pdf' target='_blank''>Link to backroom map</a>
890,<a href='https://one.walmart.com/content/dam/walmart-us-store-communication/ogp/sfs_backroom_layouts/SFS_890_store_map.pdf' target='_blank''>Link to backroom map</a>
1118,<a href='https://one.walmart.com/content/dam/walmart-us-store-communication/ogp/sfs_backroom_layouts/SFS_1118_store_map.pdf' target='_blank''>Link to backroom map</a>
1151,<a href='https://one.walmart.com/content/dam/walmart-us-store-communication/ogp/sfs_backroom_layouts/SFS_1151_store_map.pdf' target='_blank''>Link to backroom map</a>
1181,<a href='https://one.walmart.com/content/dam/walmart-us-store-communication/ogp/sfs_backroom_layouts/SFS_1181_store_map.pdf' target='_blank''>Link to backroom map</a>
1184,<a href='https://one.walmart.com/content/dam/walmart-us-store-communication/ogp/sfs_backroom_layouts/SFS_1184_store_map.pdf' target='_blank''>Link to backroom map</a>
1472,<a href='https://one.walmart.com/content/dam/walmart-us-store-communication/ogp/sfs_backroom_layouts/SFS_1472_store_map.pdf' target='_blank''>Link to backroom map</a>
1532,<a href='https://one.walmart.com/content/dam/walmart-us-store-communication/ogp/sfs_backroom_layouts/SFS_1532_store_map.pdf' target='_blank''>Link to backroom map</a>
1556,<a href='https://one.walmart.com/content/dam/walmart-us-store-communication/ogp/sfs_backroom_layouts/SFS_1556_store_map.pdf' target='_blank''>Link to backroom map</a>
1594,<a href='https://one.walmart.com/content/dam/walmart-us-store-communication/ogp/sfs_backroom_layouts/SFS_1594_store_map.pdf' target='_blank''>Link to backroom map</a>
1613,<a href='https://one.walmart.com/content/dam/walmart-us-store-communication/ogp/sfs_backroom_layouts/SFS_1613_store_map.pdf' target='_blank''>Link to backroom map</a>
1686,<a href='https://one.walmart.com/content/dam/walmart-us-store-communication/ogp/sfs_backroom_layouts/SFS_1686_store_map.pdf' target='_blank''>Link to backroom map</a>
1899,<a href='https://one.walmart.com/content/dam/walmart-us-store-communication/ogp/sfs_backroom_layouts/SFS_1899_store_map.pdf' target='_blank''>Link to backroom map</a>
2274,<a href='https://one.walmart.com/content/dam/walmart-us-store-communication/ogp/sfs_backroom_layouts/SFS_2274_store_map.pdf' target='_blank''>Link to backroom map</a>
2282,<a href='https://one.walmart.com/content/dam/walmart-us-store-communication/ogp/sfs_backroom_layouts/SFS_2282_store_map.pdf' target='_blank''>Link to backroom map</a>
2427,<a href='https://one.walmart.com/content/dam/walmart-us-store-communication/ogp/sfs_backroom_layouts/SFS_2427_store_map.pdf' target='_blank''>Link to backroom map</a>
2512,<a href='https://one.walmart.com/content/dam/walmart-us-store-communication/ogp/sfs_backroom_layouts/SFS_2512_store_map.pdf' target='_blank''>Link to backroom map</a>
2581,<a href='https://one.walmart.com/content/dam/walmart-us-store-communication/ogp/sfs_backroom_layouts/SFS_2581_store_map.pdf' target='_blank''>Link to backroom map</a>
2726,<a href='https://one.walmart.com/content/dam/walmart-us-store-communication/ogp/sfs_backroom_layouts/SFS_2726_store_map.pdf' target='_blank''>Link to backroom map</a>
2838,<a href='https://one.walmart.com/content/dam/walmart-us-store-communication/ogp/sfs_backroom_layouts/SFS_2838_store_map.pdf' target='_blank''>Link to backroom map</a>
2886,<a href='https://one.walmart.com/content/dam/walmart-us-store-communication/ogp/sfs_backroom_layouts/SFS_2886_store_map.pdf' target='_blank''>Link to backroom map</a>
3336,<a href='https://one.walmart.com/content/dam/walmart-us-store-communication/ogp/sfs_backroom_layouts/SFS_3336_store_map.pdf' target='_blank''>Link to backroom map</a>
3503,<a href='https://one.walmart.com/content/dam/walmart-us-store-communication/ogp/sfs_backroom_layouts/SFS_3503_store_map.pdf' target='_blank''>Link to backroom map</a>
3710,<a href='https://one.walmart.com/content/dam/walmart-us-store-communication/ogp/sfs_backroom_layouts/SFS_3710_store_map.pdf' target='_blank''>Link to backroom map</a>
3728,<a href='https://one.walmart.com/content/dam/walmart-us-store-communication/ogp/sfs_backroom_layouts/SFS_3728_store_map.pdf' target='_blank''>Link to backroom map</a>
3748,<a href='https://one.walmart.com/content/dam/walmart-us-store-communication/ogp/sfs_backroom_layouts/SFS_3748_store_map.pdf' target='_blank''>Link to backroom map</a>
4482,<a href='https://one.walmart.com/content/dam/walmart-us-store-communication/ogp/sfs_backroom_layouts/SFS_4482_store_map.pdf' target='_blank''>Link to backroom map</a>
4483,<a href='https://one.walmart.com/content/dam/walmart-us-store-communication/ogp/sfs_backroom_layouts/SFS_4483_store_map.pdf' target='_blank''>Link to backroom map</a>
4531,<a href='https://one.walmart.com/content/dam/walmart-us-store-communication/ogp/sfs_backroom_layouts/SFS_4531_store_map.pdf' target='_blank''>Link to backroom map</a>
4631,<a href='https://one.walmart.com/content/dam/walmart-us-store-communication/ogp/sfs_backroom_layouts/SFS_4631_store_map.pdf' target='_blank''>Link to backroom map</a>
5057,<a href='https://one.walmart.com/content/dam/walmart-us-store-communication/ogp/sfs_backroom_layouts/SFS_5057_store_map.pdf' target='_blank''>Link to backroom map</a>
5203,<a href='https://one.walmart.com/content/dam/walmart-us-store-communication/ogp/sfs_backroom_layouts/SFS_5203_store_map.pdf' target='_blank''>Link to backroom map</a>
5299,<a href='https://one.walmart.com/content/dam/walmart-us-store-communication/ogp/sfs_backroom_layouts/SFS_5299_store_map.pdf' target='_blank''>Link to backroom map</a>
