store_number,market_number,city_name,street_address_line_1
16,321,VAN BUREN,2214 FAYETTEVILLE RD
20,361,CLINTON,1712 E OHIO ST
75,134,PINEVILLE,3636 MONROE HWY
79,334,JOPLIN,2623 W 7TH ST
214,503,JASPER,800 W GIBSON ST
226,47,ATLANTA,201 LOOP 59
227,344,EL RENO,2400 S COUNTRY CLUB RD
238,147,PULASKI,1655 W COLLEGE ST
300,3,JACKSONVILLE,1625 PELHAM RD S
360,352,CUSHING,3100 E MAIN ST
383,66,SILSBEE,1100 US HIGHWAY 96 N
384,66,LUMBERTON,100 NO. LHS DRIVE
389,352,EDMOND,1225 W I-35 FRONTAGE
397,80,MCALLEN,1200 E JACKSON AVE
405,134,LEESVILLE,2204 S 5TH ST
420,349,WICHITA FALLS,2700 CENTRAL FWY
429,80,EDINBURG,1724 W UNIVERSITY DR
431,253,PADUCAH,3220 IRVIN COBB DR
456,569,BROWNSVILLE,3500 W ALTON GLOOR BLVD
461,88,EAGLE PASS,496 S BIBB AVE
462,61,ALVIN,400 HIGHWAY 35 BYP N
464,78,CORPUS CHRISTI,3829 US HIGHWAY 77
465,77,FLORESVILLE,305 10TH STREET
470,78,CORPUS CHRISTI,1821 S PADRE ISLAND DR
471,49,LANCASTER,150 N INTERSTATE 35 E
475,83,ROUND ROCK,2701 S INTERSTATE 35
476,81,GATESVILLE,2805 S STATE HIGHWAY 36
490,78,CORPUS CHRISTI,1250 FLOUR BLUFF DR
494,16,NEWNAN,1025 HIGHWAY 34 E
502,129,GALLIANO,16759 HIGHWAY 3235
531,132,LAFAYETTE,3142 AMBASSADOR CAFFERY PKWY
537,73,ODESSA,4210 JOHN BEN SHEPPERD PKWY
538,93,GAINESVILLE,5700 NW 23RD ST
540,129,MORGAN CITY,973 HIGHWAY 90 E
541,128,COVINGTON,880 N HIGHWAY 190
542,129,HOUMA,1633 MARTIN LUTHER KING JR BLVD
543,132,OPELOUSAS,1629 E CRESSWELL LN
548,25,LAWRENCEVILLE,630 COLLINS HILL RD
564,344,OKLAHOMA CITY,6100 W RENO AVE
580,116,BARTOW,1050 E VAN FLEET DR
581,414,MARSHALLTOWN,2802 S CENTER ST
582,94,PORT ORANGE,1590 DUNLAWTON AVE
585,42,ROCK HILL,2377 DAVE LYLE BLVD
594,19,FAYETTEVILLE,125 PAVILION PKWY
602,68,SPRING,1025 SAWDUST RD
604,7,DOTHAN,4310 MONTGOMERY HWY
622,344,OKLAHOMA CITY,7800 N.W. EXPRESSWAY
634,38,CAMDEN,2240 W DEKALB ST
635,29,SAVANNAH,6000 OGEECHEE RD
641,35,GREENVILLE,6134 WHITE HORSE RD
666,116,SEBRING,3525 US HIGHWAY 27 N
671,152,LEBANON,615 S CUMBERLAND ST
682,151,MURFREESBORO,2000 OLD FORT PKWY
697,93,OCALA,2600 SW 19TH AVENUE RD
705,89,MOUNT DORA,17030 US HIGHWAY 441
725,116,HAINES CITY,36205 US HIGHWAY 27
738,147,CAMDEN,2200 HIGHWAY 641 N
743,353,OKLAHOMA CITY,100 EAST I-240 SERVICE RD
744,59,HUMBLE,6626 FM 1960 RD E
758,32,AMERICUS,1711 E LAMAR ST
768,65,KATY,1313 N FRY RD
769,115,VENICE,4150 TAMIAMI TRL S
772,64,HOUSTON,3506 HIGHWAY 6 S
787,19,RIVERDALE,7050 HIGHWAY 85
791,78,ALICE,2701 E MAIN ST
817,90,KISSIMMEE,4444 W VINE ST
839,130,BATON ROUGE,9350 CORTANA PL
855,20,UNION CITY,4735 JONESBORO RD
887,141,PETAL,36 BYRD BLVD
890,91,ORLANDO,11250 E COLONIAL DR
908,90,ORLANDO,8101 S JOHN YOUNG PKWY
909,125,CHALMETTE,8101 W JUDGE PEREZ DR
915,62,STAFFORD,11210 W AIRPORT BLVD
923,482,NOBLESVILLE,16865 CLOVER RD
925,112,SEFFNER,11720 E DR MARTIN LUTHER KING JR BLVD
928,98,SAINT JOHNS,845 DURBIN PAVILION DR
929,107,PORT SAINT LUCIE,10855 S US HIGHWAY 1
941,114,VALRICO,2140 BLOOMINGDALE AVENUE
942,89,OCOEE,10500 W COLONIAL DR
959,95,BUSHNELL,2163 W C 48
961,129,LA PLACE,1616 W AIRLINE HWY
970,143,PICAYUNE,235 FRONTAGE RD
973,92,FORT PIERCE,5100 OKEECHOBEE RD
974,92,WEST MELBOURNE,845 PALM BAY RD NE
987,105,FORT MYERS,14821 BEN C PRATT/6 MILE CYPRESS PKWY
991,1,MOBILE,101 E I65 SERVICE RD S
994,104,NEW PORT RICHEY,8745 STATE ROAD 54
999,86,SAN ANTONIO,7239 SW LOOP 410
1004,115,BRADENTON,5315 CORTEZ RD W
1022,45,TYLER,3820 STATE HIGHWAY 64 W
1025,141,MCCOMB,1608 VETERANS BLVD
1040,65,HOUSTON,15955 FM 529 RD
1041,569,WESLACO,1310 N TEXAS BLVD
1043,350,PAULS VALLEY,2008 W GRANT AVE
1077,97,TALLAHASSEE,3535 APALACHEE PKWY
1081,93,GAINESVILLE,2900 SW 42ND ST
1082,98,JACKSONVILLE,10991 SAN JOSE BLVD STE 1
1083,101,JACKSONVILLE,6830 NORMANDY BLVD
1084,91,ORLANDO,3838 S SEMORAN BLVD
1088,143,BILOXI,2681 CT SWITZER SR DR
1090,101,JACKSONVILLE,6767 103RD ST
1098,84,PORT LAVACA,400 TINEY BROWNING BLVD
1103,59,HOUSTON,3450 FM 1960 RD W
1112,16,THOMASTON,855 N CHURCH ST
1119,105,NAPLES,3451 TAMIAMI TRL E
1129,82,AUSTIN,13201 RANCH ROAD 620 N
1131,304,TAYLORSVILLE,901 NC HIGHWAY 16 S
1137,60,HOUSTON,13750 EAST FWY
1142,243,SCOTTSBURG,1618 W MCCLAIN AVE
1155,310,LUMBERTON,5070 FAYETTEVILLE RD
1163,125,NEW ORLEANS,4001 BEHRMAN PL
1164,41,COLUMBIA,360 HARBISON BLVD
1172,98,JACKSONVILLE,13490 BEACH BLVD
1173,98,JACKSONVILLE,8808 BEACH BLVD
1185,83,AUSTIN,1030 NORWOOD PARK BLVD
1198,506,SAN ANTONIO,1515 N LOOP 1604 E
1201,3,GARDENDALE,890 ODUM RD
1206,130,BATON ROUGE,3132 COLLEGE DR
1212,1,SARALAND,1095 INDUSTRIAL PKWY
1219,101,JACKSONVILLE,12100 LEM TURNER RD
1220,90,ORLANDO,2500 S KIRKMAN RD
1222,14,PENSACOLA,8970 PENSACOLA BLVD
1223,97,TALLAHASSEE,5500 THOMASVILLE RD
1224,14,PENSACOLA,2650 CREIGHTON RD
1228,269,ROUND LAKE BEACH,2680 N IL ROUTE 83
1238,310,FAYETTEVILLE,1550 SKIBO RD
1253,82,AUSTIN,710 E BEN WHITE BLVD
1256,266,JOLIET,2424 W JEFFERSON ST
1261,310,FAYETTEVILLE,4601 RAMSEY ST
1266,130,BATON ROUGE,2171 ONEAL LN
1279,59,HOUSTON,10411 N FREEWAY 45
1289,221,WILMINGTON,2825 PROGRESS WAY
1292,312,CHRISTIANSBURG,2400 N FRANKLIN ST
1313,77,SAN ANTONIO,1200 SE MILITARY DR
1314,24,BUFORD,3795 BUFORD DR
1317,294,ASHEVILLE,125 BLEACHERY BLVD
1318,122,KNOXVILLE,6777 CLINTON HWY
1322,308,LEXINGTON,160 LOWES BLVD
1324,366,NOGALES,100 W WHITE PARK DR
1340,25,LITHONIA,5401 FAIRINGTON RD
1347,87,SAN ANTONIO,1430 AUSTIN HWY
1348,300,WILMINGTON,5135 CAROLINA BEACH RD
1349,109,SUNRISE,3306 N UNIVERSITY DR
1352,300,WALLACE,5625 S NC 41 HWY
1353,128,HARAHAN,5110 JEFFERSON HWY
1387,108,CORAL SPRINGS,3801 TURTLE CREEK DR
1391,94,DAYTONA BEACH,1101 BEVILLE RD
1405,61,BAY CITY,4600 7TH ST
1409,65,HOUSTON,10750 WESTVIEW DR
1419,248,FORT WAYNE,5311 COLDWATER RD
1424,290,COLONIAL HEIGHTS,671 SOUTHPARK BLVD
1444,98,JACKSONVILLE,9890 HUTCHINSON PARK DR
1459,249,INDIANAPOLIS,7245 US 31 S
1464,305,CHARLOTTE,8180 S TRYON ST
1474,365,YUMA,2900 S PACIFIC AVE
1476,243,CLARKSVILLE,1351 VETERANS PKWY
1482,112,TAMPA,7011 W WATERS AVE
1490,263,ROCKFORD,7219 WALTON ST
1494,78,CORPUS CHRISTI,4109 S STAPLES ST
1501,112,TAMPA,14941 N DALE MABRY HWY
1511,553,MIRAMAR,1800 SOUTH UNIVERSITY DRIVE
1528,415,CEDAR RAPIDS,2645 BLAIRS FERRY RD NE
1529,233,YORK,2801 E MARKET ST BLDG B
1532,369,GLENDALE,5845 W BELL RD
1533,369,PEORIA,7975 W PEORIA AVE
1549,368,PHOENIX,2020 N 75TH AVE
1558,298,EDEN,304 E ARBOR LN
1560,396,LAS VEGAS,6005 S EASTERN AVE
1570,248,AUBURN,505 TOURING DR
1584,396,LAS VEGAS,3615 S RAINBOW BLVD
1590,553,HIALEAH,5851 NW 177TH ST
1605,14,PENSACOLA,4600 MOBILE HWY STE 122
1612,366,TUCSON,1650 W VALENCIA RD
1648,455,CARSON CITY,3770 US HIGHWAY 395 S
1652,312,DUBLIN,5225 ALEXANDER RD
1680,110,KENDALL,15885 SW 88TH ST
1686,403,TAYLORSVILLE,5469 S REDWOOD RD
1692,445,COLTON,1120 S MOUNT VERNON AVE
1698,183,HOOKSETT,3 COMMERCE DR
1702,92,MELBOURNE,1000 N WICKHAM RD
1711,2,BIRMINGHAM,1600 MONTCLAIR RD
1734,273,CHAMPAIGN,2610 N PROSPECT AVE
1759,288,GLOUCESTER,6819 WALTON LN
1772,468,KLAMATH FALLS,3600 WASHBURN WAY
1774,310,SANFORD,3310 NC HIGHWAY 87 S
1780,315,CHARLOTTESVILLE,975 HILTON HEIGHTS RD
1791,200,FREMONT,7083 W 48TH ST
1805,463,LA QUINTA,79295 US HWY 111
1811,289,NORFOLK,1170 N MILITARY HWY
1833,291,FREDERICKSBURG,1800 CARL D SILVER PKWY
1837,59,HUMBLE,9451 FM 1960 BYPASS
1838,394,LAS VEGAS,3041 N RAINBOW BLVD
1841,289,CHESAPEAKE,1521 SAMS CIR
1847,93,OCALA,4980 E SILVER SPRINGS BLVD
1851,109,NORTH LAUDERDALE,7900 W MCNAB RD
1859,463,CALEXICO,2540 ROCKWOOD AVE
1889,475,ISLAND CITY,11619 ISLAND AVE
1915,463,YUCCA VALLEY,58501 29 PALMS HWY
1916,108,COCONUT CREEK,5571 W HILLSBORO BLVD
1917,459,SANTEE,170 TOWN CENTER PARKWAY
1928,205,FLINT,4313 CORUNNA RD
1946,187,MASSENA,43 STEPHENVILLE ST
1960,112,TAMPA,1505 N DALE MABRY HWY
1971,425,ROCHESTER,3400 55TH ST NW
2031,511,UNION CITY,30600 DYER ST
2032,446,OXNARD,2001 N ROSE AVE
2045,281,NOTTINGHAM,8118 PERRY HILLS CT
2050,396,HENDERSON,300 E LAKE MEAD PKWY
2058,297,RALEIGH,1725 NEW HOPE CHURCH RD
2066,64,HOUSTON,2727 DUNVALE RD
2068,170,LEVITTOWN,180 LEVITTOWN CTR
2091,110,DORAL,8651 NW 13TH TER
2098,219,COLUMBUS,3900 MORSE RD
2104,164,NEWBURGH,1201 ROUTE 300
2113,370,PHOENIX,1607 W BETHANY HOME RD
2114,7,CHIPLEY,1621 MAIN ST
2132,131,BATON ROUGE,10606 N MALL DR
2133,82,AUSTIN,5017 W HIGHWAY 290
2134,306,CHARLOTTE,7735 N TRYON ST
2150,458,SAN DIEGO,710 DENNERY ROAD
2151,109,SUNRISE,12555 W SUNRISE BLVD
2154,24,DULUTH,2635 PLEASANT HILL RD
2158,156,NORTHBOROUGH,200 OTIS ST
2176,107,JUPITER,2144 W INDIANTOWN RD
2189,392,RENO,4855 KIETZKE LN
2206,466,LAGUNA NIGUEL,27470 ALICIA PKWY
2214,41,COLUMBIA,5420 FOREST DR
2223,585,WESTMINSTER,9499 SHERIDAN BLVD
2239,86,SAN ANTONIO,8923 W MILITARY DR
2243,478,REDMOND,300 NW OAKTREE LN
2245,460,OCEANSIDE,705 COLLEGE BLVD
2248,293,CATONSVILLE,6205 BALTIMORE NATIONAL PIKE
2255,232,HAZLE TOWNSHIP,761 AIRPORT RD
2257,67,HOUSTON,13484 NORTHWEST FWY
2295,287,RICHMOND,7901 BROOK RD
2333,445,APPLE VALLEY,20251 HWY 18
2334,233,LANCASTER,2034 LINCOLN HWY E
2339,246,WEST LAFAYETTE,2801 NORTHWESTERN AVE
2354,205,ROCHESTER HILLS,2500 S ADAMS RD
2361,215,NORTH CANTON,4572 MEGA ST NW
2368,174,EAST STROUDSBURG,355 LINCOLN AVE
2404,87,SAN ANTONIO,8500 JONES MALTSBERGER RD
2439,60,BAYTOWN,8700 N HIGHWAY 146
2450,471,BELLINGHAM,4420 MERIDIAN ST
2463,56,FRISCO,355 STONEBROOK PKWY
2479,459,SAN DIEGO,3412 COLLEGE AVE
2494,460,OCEANSIDE,2100 VISTA WAY
2515,370,PHOENIX,3721 E THOMAS RD
2517,466,SANTA ANA,3600 W MCFADDEN AVE
2531,164,MOHEGAN LAKE,3133 E MAIN ST
2534,7,DOTHAN,3300 S OATES ST
2538,478,EUGENE,1040 GREEN ACRES RD
2546,464,ORANGE,2300 N TUSTIN ST
2553,457,WINDSOR,6650 HEMBREE LN
2575,326,CONWAY,3900 DAVE WARD DR
2591,109,PEMBROKE PINES,151 SW 184TH AVE
2592,394,NORTH LAS VEGAS,1807 W CRAIG RD
2593,396,LAS VEGAS,2310 E SERENE AVE
2599,86,SAN ANTONIO,5555 DE ZAVALA RD
2609,465,LAKEWOOD,2770 CARSON ST
2618,203,COMMERCE,3301 N PONTIAC TRL
2621,446,SIMI VALLEY,255 COCHRAN ST
2627,112,TAMPA,2701 E FLETCHER AVE
2629,156,WHITINSVILLE,100 VALLEY PKWY
2638,259,ASHLAND,12504 U.S. ROUTE 60
2649,50,IRVING,1635 MARKET PLACE BLVD
2662,317,COVINGTON,313 THACKER AVE
2706,125,HARVEY,1501 MANHATTAN BLVD
2712,37,MYRTLE BEACH,541 SEABOARD ST
2716,415,CEDAR RAPIDS,3601 29TH AVE SW
2718,64,HOUSTON,9555 S POST OAK RD
2724,63,PASADENA,1107 SHAVER ST
2740,104,TAMPA,19910 BRUCE B DOWNS BLVD
2754,30,WAYNESBORO,1500 N LIBERTY ST
2757,151,MURFREESBORO,2012 MEMORIAL BLVD
2763,569,DONNA,900 N SALINAS BOULEVARD
2766,372,SCOTTSDALE,15355 N NORTHSIGHT BLVD
2778,373,COOLIDGE,1695 N ARIZONA BLVD
2780,399,CALDWELL,5108 CLEVELAND BLVD
2789,108,BOYNTON BEACH,3200 OLD BOYNTON RD
2796,111,OLDSMAR,3801 TAMPA RD
2799,508,CLINTON,8745 BRANCH AVE
2811,21,ATHENS,4375 LEXINGTON RD
2814,110,HIALEAH,9300 NW 77TH AVE
2816,267,NILES,5630 W TOUHY AVE
2817,238,LANSING,17625 TORRENCE AVE
2821,290,RICHMOND,2410 SHEILA LN
2822,131,WALKER,28270 WALKER RD S
2825,175,OLD BRIDGE,1126 US HIGHWAY 9
2830,166,EDDYSTONE,1570 CHESTER PIKE
2838,396,HENDERSON,540 MARKS ST
2843,95,SUMMERFIELD,17961 S US HIGHWAY 441
2847,432,BELLEVUE,10504 S 15TH ST
2864,506,SAN ANTONIO,6703 W LOOP 1604 N
2881,90,KISSIMMEE,1471 E OSCEOLA PKWY
2883,56,PLANO,8801 OHIO DR
2884,394,LAS VEGAS,8060 W TROPICAL PKWY
2913,129,BOUTTE,13001 HIGHWAY 90
2938,132,LAFAYETTE,2428 W PINHOOK RD
2939,140,RICHLAND,200 MARKET PLACE DR
2956,266,SHOREWOOD,1401 IL ROUTE 59
2963,108,CORAL SPRINGS,6001 CORAL RIDGE DR
2987,109,DAVIE,4301 S UNIVERSITY DR
3106,86,SAN ANTONIO,8538 INTERSTATE HWY 35 S
3107,506,SAN ANTONIO,24403 W INTERSTATE 10
3112,77,SAN ANTONIO,4096 N FOSTER RD
3118,20,DECATUR,2525 N DECATUR RD
3163,553,HOLLYWOOD,301 S STATE ROAD 7
3170,83,ELGIN,1320 W HWY 290
3201,19,MCDONOUGH,135 WILLOW LN
3213,68,THE WOODLANDS,3040 COLLEGE PARK DR
3235,553,NORTH MIAMI BEACH,1425 NE 163RD ST
3254,392,RENO,5260 W 7TH ST
3279,77,SAN ANTONIO,2100 SE LOOP 410
3288,131,BATON ROUGE,10200 SULLIVAN RD
3296,64,HOUSTON,2700 S KIRKWOOD RD
3297,67,HOUSTON,12353 FM 1960 RD W
3298,60,KEMAH,255 FM 518 RD
3302,64,HOUSTON,9460 W SAM HOUSTON PKWY S
3309,98,JACKSONVILLE,4250 PHILLIPS HWY
3310,94,DELTONA,101 HOWLAND BLVD
3311,553,MIAMI GARDENS,19501 NW 27TH AVE
3320,80,PALMHURST,215 E MILE 3 RD
3348,107,LAKE PARK,101 N CONGRESS AVE
3350,394,LAS VEGAS,5198 BOULDER HWY
3351,394,LAS VEGAS,6464 N DECATUR BLVD
3389,25,SNELLVILLE,3435 CENTERVILLE HWY
3390,68,WOODLANDS,10001 WOODLANDS PKWY
3391,87,SCHERTZ,6102 FM 3009
3397,553,MIAMI GARDENS,17650 NW 2ND AVE
3400,265,OSWEGO,2300 US HIGHWAY 34
3418,104,WESLEY CHAPEL,28500 STATE ROAD 54
3422,558,DEPTFORD,2000 CLEMENTS BRIDGE RD STE 100
3425,63,HOUSTON,9598 ROWLETT RD
3430,352,OKLAHOMA CITY,9011 NE 23RD ST
3433,49,RED OAK,100 S RYAN DR
3461,16,PEACHTREE CITY,2717 HIGHWAY 54
3462,24,SUWANEE,3245 LAWRENCEVILLE SUWANEE RD
3463,114,BRANDON,1208 E BRANDON BLVD
3465,369,GLENDALE,5010 N 95TH AVE
3473,394,LAS VEGAS,4505 W CHARLESTON BLVD
3477,465,LONG BEACH,7250 CARSON BLVD
3484,14,PENSACOLA,2951 S BLUE ANGEL PKWY
3494,459,SAN MARCOS,732 CENTER DR
3500,60,HOUSTON,5655 E SAM HOUSTON PKWY N
3516,458,CHULA VISTA,1360 EASTLAKE PKWY
3518,88,LAREDO,2320 BOB BULLOCK LOOP
3523,448,SANTA CLARITA,26471 CARL BOYER DR
3527,107,PORT ST LUCIE,1675 NW SAINT LUCIE WEST BLVD
3533,585,DENVER,7800 SMITH RD
3545,173,HAMDEN,2300 DIXWELL AVE
3566,380,DENVER,9400 E HAMPDEN AVE
3567,80,HIDALGO,3000 S JACKSON RD
3584,64,HOUSTON,5405 SOUTH RICE AVENUE
3609,19,ELLENWOOD,2940 ANVIL BLOCK RD
3611,26,MARIETTA,6520 EARNEST BARRETT PARKWAY
3640,65,HOUSTON,1118 SILBER RD
3652,453,WEST SACRAMENTO,755 RIVERPOINT CT
3658,298,GREENSBORO,2107 PYRAMID VILLAGE BLVD
3700,309,INDIAN TRAIL,2101 YOUNTS RD
3702,98,JACKSONVILLE,13227 CITY SQUARE DR
3709,20,ATLANTA,2427 GRESHAM RD SE
3771,371,PHOENIX,6150 S 35TH AVE
3773,479,FORT WORTH,9500 CLIFFORD ST
3782,91,ORLANDO,5991 S GOLDENROD RD
3785,14,PENSACOLA,501 N NAVY BLVD
3786,25,BUFORD,3250 SARDIS CHURCH RD
3791,202,THREE RIVERS,101 S TOLBERT DR
3795,577,NORTH BERGEN,2100 88TH ST
3799,371,MESA,240 W BASELINE RD
3803,173,WEST HAVEN,515 SAW MILL RD
3827,64,RICHMOND,5660 W GRAND PKWY S
3828,46,LONGVIEW,4006 ESTES PKWY
3831,288,PORTSMOUTH,1098 FREDERICK BLVD
3847,405,MESQUITE,1120 W PIONEER BLVD
3851,246,LAFAYETTE,2347 VETERANS MEMORIAL PKWY S
3858,108,BOCA RATON,22100 S STATE ROAD 7
3868,127,SHREVEPORT,1125 SHREVEPORT BARKSDALE HWY
3886,80,EDINBURG,4101 S MCCOLL RD
3888,86,SAN ANTONIO,11210 POTRANCO RD
3891,269,WAUKEGAN,3900 FOUNTAIN SQUARE PL
4055,87,UNIVERSAL CITY,510 KITTY HAWK RD
4111,65,RICHMOND,26824 FM 1093 RD
4112,569,BROWNSVILLE,2205 RUBEN TORRES SR BLVD
4130,82,KYLE,5754 KYLE PKWY
4131,506,SAN ANTONIO,9427 CULEBRA RD
4185,24,CUMMING,2395 PEACHTREE PKWY
4200,16,COLUMBUS,6475 GATEWAY RD
4219,82,BUDA,690 OLD SAN ANTONIO RD
4260,107,PORT ST LUCIE,1850 SW GATLIN BLVD
4279,44,MIDLOTHIAN,400 N HIGHWAY 67
4298,59,HUMBLE,9235 N SAM HOUSTON PKWY E
4332,90,ORLANDO,8990 TURKEY LAKE RD
4340,445,HESPERIA,13401 MAIN ST
4368,93,OCALA,34 BAHIA AVE
4370,392,FERNLEY,1550 NEWLANDS DR E
4383,197,DEARBORN,5851 MERCURY DR
4416,67,HOUSTON,13003 TOMBALL PKWY
4444,98,JACKSONVILLE,10251 SHOPS LN
4446,107,WEST PALM BEACH,4225 45TH ST
4503,44,GRAND PRAIRIE,2650 S STATE HIGHWAY 161
4588,91,ORLANDO,3101 W PRINCETON ST
4623,288,NEWPORT NEWS,6111 JEFFERSON AVE
4627,52,DENTON,2750 W UNIVERSITY DR
4679,131,DENHAM SPRINGS,34025 LA HWY 16
5028,207,TOLEDO,2925 GLENDALE AVE
5030,207,TOLEDO,5821 W CENTRAL AVE
5036,112,TAMPA,6192 GUNN HWY
5037,98,YULEE,464016 STATE ROAD 200
5045,67,TOMBALL,22605 STATE HIGHWAY 249
5054,98,JACKSONVILLE,11900 ATLANTIC BLVD
5055,105,NAPLES,9885 COLLIER BLVD
5056,131,PRAIRIEVILLE,17585 AIRLINE HWY
5057,151,MURFREESBORO,2900 S RUTHERFORD BLVD
5070,396,LAS VEGAS,5200 S FORT APACHE RD
5075,460,OCEANSIDE,3405 MARRON RD
5087,37,NORTH MYRTLE BEACH,550 HIGHWAY 17 N
5091,67,CYPRESS,26270 NORTHWEST FWY
5116,60,LA PORTE,9025 SPENCER HWY
5124,369,GLENDALE,5605 W NORTHERN AVE
5130,170,PHILADELPHIA,9745 ROOSEVELT BLVD STE A
5140,459,LA MESA,5500 GROSSMONT CENTER DR
5144,77,CONVERSE,8315 FM 78
5145,86,SAN ANTONIO,1603 VANCE JACKSON RD
5146,506,SAN ANTONIO,8030 BANDERA RD
5162,448,SANTA CLARITA,27931 KELLY JOHNSON PKWY
5165,80,ALAMO,1421 FRONTAGE RD
5185,217,COLUMBUS,1221 GEORGESVILLE RD
5186,373,GILBERT,2501 S MARKET ST
5189,369,PHOENIX,5250 W INDIAN SCHOOL RD
5190,370,PHOENIX,2501 W HAPPY VALLEY RD STE 34
5210,51,WYLIE,2050 N HIGHWAY 78
5214,90,KISSIMMEE,2855 N OLD LAKE WILSON RD
5220,112,TAMPA,8220 N DALE MABRY HWY
5234,401,CLINTON,1632 N 2000 W
5245,77,SAN ANTONIO,3302 SE MILITARY DR
5250,90,KISSIMMEE,904 CYPRESS PKWY
5261,323,PINEVILLE,100 COMMERCIAL LN
5263,119,CLEVELAND,2300 TREASURY DR SE
5287,68,SPRING,21150 KUYKENDAHL RD
5299,89,CLERMONT,550 US HIGHWAY 27
5300,114,GIBSONTON,9205 GIBSONTON DR
5301,107,WEST PALM BEACH,4375 BELVEDERE RD
5305,458,CHULA VISTA,1150 BROADWAY
5307,410,GARDNER,1725 E SANTA FE ST
5326,93,OCALA,9570 SW HIGHWAY 200
5329,370,ANTHEM,4435 W ANTHEM WAY
5330,369,PHOENIX,6145 N 35TH AVE
5331,368,PHOENIX,7575 W LOWER BUCKEYE RD
5338,459,SAN DIEGO,4840 SHAWLINE ST
5340,558,CHERRY HILL,500 ROUTE 38
5342,365,YUMA,2501 S AVENUE B
5343,291,FREDERICKSBURG,10001 SOUTHPOINT PKWY
5347,105,ESTERO,19975 S TAMIAMI TRL
5363,16,HAMPTON,11465 TARA BLVD
5394,581,DINUBA,770 W EL MONTE WAY
5420,90,KISSIMMEE,3250 VINELAND RD
5424,468,EAGLE POINT,11500 HANNON RD
5429,368,SURPRISE,14111 N PRASADA GATEWAY AVE
5436,284,WILMINGTON,1251 CENTERVILLE RD
5449,62,MISSOURI CITY,9929 HWY 6
5472,202,SALINE,7000 E MICHIGAN AVE
5488,289,NORFOLK,7530 TIDEWATER DR
5612,63,HOUSTON,2391 S WAYSIDE DR
5713,88,LAREDO,2615 NE BOB BULLOCK LOOP
5787,310,RAEFORD,4545 FAYETTEVILLE RD
5854,110,MIAMI,8400 CORAL WAY
5898,78,CORPUS CHRISTI,6101 SARATOGA RD
5912,110,MIAMI,21151 S DIXIE HWY
5932,109,PEMBROKE PINES,12800 PINES BLVD
5938,458,SAN DIEGO,575 SATURN BLVD
6978,101,JACKSONVILLE,7075 COLLINS RD
7178,56,PRINCETON,701 W PRINCETON DR
7294,353,NORMAN,3651 CLASSEN BLVD
7326,353,OKLAHOMA CITY,3301 SW 104TH ST
